{"last_download_failure": 1609510056.3506804, "last_download_success": 1609507579.8189561, "unseen_downloads": ["/home/jay/.config/variety/Downloaded/Unsplash/photo-1607785329934-131c764010b4.jpg"]}