{"last_download_success": 1609506707.0259814, "unseen_downloads": ["/home/jay/.config/variety/Downloaded/Bing/OHR.LoonyDook_ZH-CN1879420705_1920x1080.jpg"], "last_download_failure": 1609510044.5190325}